Ref,Val,Package,PosX,PosY,Rot,Side
"C1","10uF","C_0805_2012Metric",28.050000,-25.300000,0.000000,top
"D1","LED_R","LED_0603_1608Metric",28.050000,-10.300000,0.000000,top
"D2","LED_G","LED_0603_1608Metric",30.050000,-12.800000,0.000000,top
"D3","LED_B","LED_0603_1608Metric",28.050000,-15.300000,0.000000,top
"J1","CTRL_IN","PinHeader_1x04_P2.54mm_Vertical",36.560000,-10.300000,0.000000,top
"J2","PWR_IN","PinHeader_1x02_P2.54mm_Vertical",38.560000,-12.800000,0.000000,top
"R1","330","R_0402_1005Metric",30.050000,-17.800000,0.000000,top
"R2","330","R_0402_1005Metric",28.050000,-20.300000,0.000000,top
"R3","330","R_0402_1005Metric",30.050000,-22.800000,0.000000,top
