Ref,Val,Package,PosX,PosY,Rot,Side
"C1","10uF","C_0805_2012Metric",24.800000,-7.300000,0.000000,top
"C2","10uF","C_0805_2012Metric",26.800000,-9.800000,0.000000,top
"C3","100nF","C_0402_1005Metric",24.800000,-12.300000,0.000000,top
"U1","AMS1117-3.3","SOT-223-3_TabPin2",7.840000,-7.300000,0.000000,top
